{
  "kind": "collectionType",
  "collectionName": "items",
  "info": {
    "singularName": "item",
    "pluralName": "items",
    "displayName": "Item"
  },
  "options": {
    "draftAndPublish": true
  },
  "pluginOptions": {},
  "attributes": {
    "name": {
      "type": "string"
    },
    "longDescription": {
      "type": "richtext"
    },
    "shortDescription": {
      "type": "richtext"
    },
    "price": {
      "type": "decimal"
    },
    "category": {
      "type": "enumeration",
      "enum": [
        "newArrivals",
        "bestSellers",
        "topRated"
      ],
      "default": "newArrivals"
    },
    "image": {
      "allowedTypes": [
        "images",
        "files",
        "videos",
        "audios"
      ],
      "type": "media",
      "multiple": false
    }
  }
}
